{
  "tag": "c100-N250-dps500",
  "c": 100,
  "N": 250,
  "T": 800,
  "dps": 500,
  "flint_prec": 2000,
  "engine": "v020",
  "lambda_even": "2.076903295117432581125257009088665140299425656520826504562794769050889598036051386281718771121616230857675963298772945053256929163272933980794188306716190669056734191849775135556637428342225990708205127695772123664204938633241279194674094293908695224568508693736790271221030856588791496279677859127383824169729521703791070352100361304115449936827820740676857298106882444537439774162120609315730622390510340075031933099708611657567570084841034103624169192724611033380582994436553464692035539570962534894327e-334",
  "t_cache_s": 2078.4017429351807,
  "t_mat_s": 1.2469820976257324,
  "t_diag_s": 210.11261415481567,
  "t_total_s": 2289.761339187622,
  "n_workers": 12,
  "version": "v0.2.3-local"
}