{
  "tag": "c100-N150-dps1000",
  "c": 100,
  "N": 150,
  "T": 800,
  "dps": 1000,
  "flint_prec": 4000,
  "engine": "v020",
  "lambda_even": "0.0000000000000000000000000000000000000000000000000000000000000000000000000000000000000000000000000000000000000000000000000000000000000000000000000000000000000000000000000000000000000000000000000000000000000000000000000000000000000000000000000000000641845210995848289209971243292247603827156612160338504172967432409231547612049922695247476593190008006067614649653454756826983140619255798502228463690127058686015842302115771555079609781541108560927895814952940110809231305695638770443862387999902365666820358519780335899502961130886755143691952352742188328532780338433156656140408478851207748258707528948639033731341099584161621985510272762771777878801828651701746769981136569588139869871691605530002350503933604489429121806058665018771100948502628825165629158582894748796658544825452154304523532522454360023662191747028991833209218711421398986054160406333055515869771904367030814688690039981524759187217135338234096912611079822458099370801830474932404672386906410429208273678198960332060271842448438643364982780316704150962844877299656954020135679419850008073917096441872078098454317820323283031772001193936327967356302673760966839159973352714687756751172287772718081483952185988314285918314714271954169129508177385270319093913407936347329201853750902814",
  "t_cache_s": 6600.669214963913,
  "t_mat_s": 0.4981980323791504,
  "t_diag_s": 65.69921112060547,
  "t_total_s": 6666.866624116898,
  "n_workers": 12,
  "version": "v0.2.3-local"
}