{
  "tag": "c67-N150-dps500",
  "c": 67,
  "N": 150,
  "T": 800,
  "dps": 500,
  "flint_prec": 2000,
  "engine": "v020",
  "lambda_even": "5.328590093775994627630878782568400197974702556363316564865880991566633905249337540865696963613851344764476694719763034515843468787691558842081490490660267849561277678795428986449545170502729239932946280819750901036439371249736270223695920710558730944327804371602287555630503327231205204995634155709840414025979025454184755504995819491739813369294958212297330964917033112203941448406522382701127821765451603918525807810721256109173735260852163096892367257672892046393518069865330867257775692649541831560984e-219",
  "t_cache_s": 1530.2360050678253,
  "t_mat_s": 0.45423221588134766,
  "t_diag_s": 45.642032861709595,
  "t_total_s": 1576.3322701454163,
  "n_workers": 12,
  "version": "v0.2.3-local"
}