{
  "tag": "blind-c100-dps500",
  "c": 100,
  "N": 150,
  "T": 800,
  "dps": 500,
  "flint_prec": 2000,
  "engine": "v020",
  "lambda_even": "-0.00000000000000000000000000000000000000002197374825612379898585323885676579728477554879790375747647514580486578507634513295859459354272293326193654580891080443486210603495618010978881048799141958734507683690506131930021554165854463868767081841873539832321145565692507336493222363592391626764477629347618570985958841954436540776096571986922451038444924584002337274193065857876199719172027420687097741373735637540232795411405487319559313712242436193319958211976035454607046108339759370564693235482498120011492143956795167825094562307997440551831954",
  "t_cache_s": 1219.415738105774,
  "t_mat_s": 0.44176793098449707,
  "t_diag_s": 39.59058904647827,
  "t_total_s": 1259.4480950832367,
  "n_workers": 12,
  "version": "v0.2.3-local"
}