{
  "tag": "c100-N100",
  "c": 100,
  "N": 100,
  "T": 800,
  "dps": 500,
  "flint_prec": 2000,
  "engine": "v020",
  "lambda_even": "1.215590053350792292242983160275670753269119889682389701168832166212876395166483252555541684746772994099467867769979886356940151222528124512638074996891902580232384012229448191583153550682990714112078841140564085859923028659847725813226518413109829097371070101946079852821463245917198122869538506836878218993363689956135242006710361373529279094363527924093214061596092186973765010025404788955517000884395663566960749518567467220855194655333741378319329155237811030885352301612657294993167245280863879761996e-191",
  "t_cache_s": 824.5102341175079,
  "t_mat_s": 0.19493889808654785,
  "t_diag_s": 11.137659311294556,
  "t_total_s": 835.842832326889,
  "n_workers": 12,
  "version": "v0.2.3-local"
}