{
  "tag": "c100-N200",
  "c": 100,
  "N": 200,
  "T": 800,
  "dps": 500,
  "flint_prec": 2000,
  "engine": "v020",
  "lambda_even": "4.87184594865199125333911117786854382842068489484183264463056610719240281664186542052489394319555216454078881946974072358882078500194223252191640531008872049399126531716319313928793039514492252471389872062748148663329521482869658874627110786602096542967111368878243717256077916467873864608627860516394481350102579997210207767042136996170486611040089686249359403256774418581021417292902723252692819747952892511217456313043479990654660692160550756186379778139056234760869030961840369188238079973464220883538e-295",
  "t_cache_s": 1605.2043070793152,
  "t_mat_s": 0.8000741004943848,
  "t_diag_s": 98.92792201042175,
  "t_total_s": 1704.9323031902313,
  "n_workers": 12,
  "version": "v0.2.3-local"
}