{
  "status": "PASS",
  "description": "Genuine numeric verification of A_N(0)=0, A_N'(0)=2 (N<=6) and the -2 Lambda(q)/(sqrt q log q) 11^T first-derivative jump (q in {3,4,5,7,8,9,25}) from the assembled prime-source path.",
  "results": {
    "edge_derivative": {
      "1": {
        "max|A_N(0)|": 0.0,
        "max|A_N'(0)-2|": 3.947842053264594e-11
      },
      "2": {
        "max|A_N(0)|": 0.0,
        "max|A_N'(0)-2|": 1.5791368213058377e-10
      },
      "3": {
        "max|A_N(0)|": 0.0,
        "max|A_N'(0)-2|": 3.5530578479381347e-10
      },
      "4": {
        "max|A_N(0)|": 0.0,
        "max|A_N'(0)-2|": 6.3165495056694e-10
      },
      "5": {
        "max|A_N(0)|": 0.0,
        "max|A_N'(0)-2|": 9.869607353607535e-10
      },
      "6": {
        "max|A_N(0)|": 0.0,
        "max|A_N'(0)-2|": 1.4212231391752539e-09
      }
    },
    "first_jump": {
      "3": {
        "Lambda": 1.0986122886681098,
        "rel_err_vs_-2Lam/(sqrt q log q)*11^T": 2.0774896735937955e-05
      },
      "4": {
        "Lambda": 0.6931471805599453,
        "rel_err_vs_-2Lam/(sqrt q log q)*11^T": 1.583413855499316e-05
      },
      "5": {
        "Lambda": 1.6094379124341003,
        "rel_err_vs_-2Lam/(sqrt q log q)*11^T": 8.778976896715488e-06
      },
      "7": {
        "Lambda": 1.9459101490553132,
        "rel_err_vs_-2Lam/(sqrt q log q)*11^T": 9.027756835244486e-06
      },
      "8": {
        "Lambda": 0.6931471805599453,
        "rel_err_vs_-2Lam/(sqrt q log q)*11^T": 3.703976084699372e-05
      },
      "9": {
        "Lambda": 1.0986122886681098,
        "rel_err_vs_-2Lam/(sqrt q log q)*11^T": 2.776281882088671e-05
      },
      "25": {
        "Lambda": 1.6094379124341003,
        "rel_err_vs_-2Lam/(sqrt q log q)*11^T": 4.9345498908254244e-05
      }
    }
  },
  "failures": []
}
